시군구별,2017,2017.1,2017.2,2017.3,2017.4,2017.5,2017.6,2017.7,2017.8,2017.9,2017.10,2017.11,2017.12,2017.13,2017.14,2017.15,2017.16,2017.17,2017.18,2017.19,2017.20,2017.21,2017.22,2017.23,2017.24,2017.25,2017.26,2017.27,2017.28,2017.29,2017.30,2017.31,2017.32,2017.33,2017.34,2017.35,2017.36,2017.37,2017.38,2017.39,2017.40,2017.41,2017.42,2018,2018.1,2018.2,2018.3,2018.4,2018.5,2018.6,2018.7,2018.8,2018.9,2018.10,2018.11,2018.12,2018.13,2018.14,2018.15,2018.16,2018.17,2018.18,2018.19,2018.20,2018.21,2018.22,2018.23,2018.24,2018.25,2018.26,2018.27,2018.28,2018.29,2018.30,2018.31,2018.32,2018.33,2018.34,2018.35,2018.36,2018.37,2018.38,2018.39,2018.40,2018.41,2018.42,2019,2019.1,2019.2,2019.3,2019.4,2019.5,2019.6,2019.7,2019.8,2019.9,2019.10,2019.11,2019.12,2019.13,2019.14,2019.15,2019.16,2019.17,2019.18,2019.19,2019.20,2019.21,2019.22,2019.23,2019.24,2019.25,2019.26,2019.27,2019.28,2019.29,2019.30,2019.31,2019.32,2019.33,2019.34,2019.35,2019.36,2019.37,2019.38,2019.39,2019.40,2019.41,2019.42
서울특별시,소계,소계,소계,소계,소계,농업 임업 및 어업,농업 임업 및 어업,광업,광업,제조업,제조업,전기 가스 증기 및 공기조절 공급업,전기 가스 증기 및 공기조절 공급업,수도 하수 및 폐기물 처리 원료 재생업,수도 하수 및 폐기물 처리 원료 재생업,건설업,건설업,도매 및 소매업,도매 및 소매업,운수 및 창고업,운수 및 창고업,숙박 및 음식점업,숙박 및 음식점업,정보통신업,정보통신업,금융 및 보험업,금융 및 보험업,부동산업,부동산업,전문 과학 및 기술 서비스업,전문 과학 및 기술 서비스업,사업시설 관리 사업 지원 및 임대 서비스업,사업시설 관리 사업 지원 및 임대 서비스업,공공행정 국방 및 사회보장 행정,공공행정 국방 및 사회보장 행정,교육 서비스업,교육 서비스업,보건업 및 사회복지 서비스업,보건업 및 사회복지 서비스업,예술 스포츠 및 여가관련 서비스업,예술 스포츠 및 여가관련 서비스업,협회 및 단체 수리 및 기타 개인 서비스업,협회 및 단체 수리 및 기타 개인 서비스업,소계,소계,소계,소계,소계,농업 임업 및 어업,농업 임업 및 어업,광업,광업,제조업,제조업,전기 가스 증기 및 공기조절 공급업,전기 가스 증기 및 공기조절 공급업,수도 하수 및 폐기물 처리 원료 재생업,수도 하수 및 폐기물 처리 원료 재생업,건설업,건설업,도매 및 소매업,도매 및 소매업,운수 및 창고업,운수 및 창고업,숙박 및 음식점업,숙박 및 음식점업,정보통신업,정보통신업,금융 및 보험업,금융 및 보험업,부동산업,부동산업,전문 과학 및 기술 서비스업,전문 과학 및 기술 서비스업,사업시설 관리 사업 지원 및 임대 서비스업,사업시설 관리 사업 지원 및 임대 서비스업,공공행정 국방 및 사회보장 행정,공공행정 국방 및 사회보장 행정,교육 서비스업,교육 서비스업,보건업 및 사회복지 서비스업,보건업 및 사회복지 서비스업,예술 스포츠 및 여가관련 서비스업,예술 스포츠 및 여가관련 서비스업,협회 및 단체 수리 및 기타 개인 서비스업,협회 및 단체 수리 및 기타 개인 서비스업,소계,소계,소계,소계,소계,농업 임업 및 어업,농업 임업 및 어업,광업,광업,제조업,제조업,전기 가스 증기 및 공기조절 공급업,전기 가스 증기 및 공기조절 공급업,수도 하수 및 폐기물 처리 원료 재생업,수도 하수 및 폐기물 처리 원료 재생업,건설업,건설업,도매 및 소매업,도매 및 소매업,운수 및 창고업,운수 및 창고업,숙박 및 음식점업,숙박 및 음식점업,정보통신업,정보통신업,금융 및 보험업,금융 및 보험업,부동산업,부동산업,전문 과학 및 기술 서비스업,전문 과학 및 기술 서비스업,사업시설 관리 사업 지원 및 임대 서비스업,사업시설 관리 사업 지원 및 임대 서비스업,공공행정 국방 및 사회보장 행정,공공행정 국방 및 사회보장 행정,교육 서비스업,교육 서비스업,보건업 및 사회복지 서비스업,보건업 및 사회복지 서비스업,예술 스포츠 및 여가관련 서비스업,예술 스포츠 및 여가관련 서비스업,협회 및 단체 수리 및 기타 개인 서비스업,협회 및 단체 수리 및 기타 개인 서비스업
서울특별시,사업체수,사업체수,종사자수,종사자수,종사자수,사업체수,종사자수,사업체수,종사자수,사업체수,종사자수,사업체수,종사자수,사업체수,종사자수,사업체수,종사자수,사업체수,종사자수,사업체수,종사자수,사업체수,종사자수,사업체수,종사자수,사업체수,종사자수,사업체수,종사자수,사업체수,종사자수,사업체수,종사자수,사업체수,종사자수,사업체수,종사자수,사업체수,종사자수,사업체수,종사자수,사업체수,종사자수,사업체수,사업체수,종사자수,종사자수,종사자수,사업체수,종사자수,사업체수,종사자수,사업체수,종사자수,사업체수,종사자수,사업체수,종사자수,사업체수,종사자수,사업체수,종사자수,사업체수,종사자수,사업체수,종사자수,사업체수,종사자수,사업체수,종사자수,사업체수,종사자수,사업체수,종사자수,사업체수,종사자수,사업체수,종사자수,사업체수,종사자수,사업체수,종사자수,사업체수,종사자수,사업체수,종사자수,사업체수,사업체수,종사자수,종사자수,종사자수,사업체수,종사자수,사업체수,종사자수,사업체수,종사자수,사업체수,종사자수,사업체수,종사자수,사업체수,종사자수,사업체수,종사자수,사업체수,종사자수,사업체수,종사자수,사업체수,종사자수,사업체수,종사자수,사업체수,종사자수,사업체수,종사자수,사업체수,종사자수,사업체수,종사자수,사업체수,종사자수,사업체수,종사자수,사업체수,종사자수,사업체수,종사자수
서울특별시,소계,여성대표자,소계,남,여,소계,소계,소계,소계,소계,소계,소계,소계,소계,소계,소계,소계,소계,소계,소계,소계,소계,소계,소계,소계,소계,소계,소계,소계,소계,소계,소계,소계,소계,소계,소계,소계,소계,소계,소계,소계,소계,소계,소계,여성대표자,소계,남,여,소계,소계,소계,소계,소계,소계,소계,소계,소계,소계,소계,소계,소계,소계,소계,소계,소계,소계,소계,소계,소계,소계,소계,소계,소계,소계,소계,소계,소계,소계,소계,소계,소계,소계,소계,소계,소계,소계,소계,여성대표자,소계,남,여,소계,소계,소계,소계,소계,소계,소계,소계,소계,소계,소계,소계,소계,소계,소계,소계,소계,소계,소계,소계,소계,소계,소계,소계,소계,소계,소계,소계,소계,소계,소계,소계,소계,소계,소계,소계,소계,소계
소계,822863,278152,5119913,2848150,2271763,29,469,21,66,61583,277920,139,5576,445,8963,22228,385208,228295,888464,93702,274793,130195,474515,23206,345030,11165,268252,39677,158593,38937,437822,15950,478382,1296,138150,34762,341732,28683,358563,22913,86452,69637,190963,823385,279711,5210936,2878227,2332709,30,462,24,81,58970,266500,183,6083,451,9139,21825,379353,223955,896326,95412,272618,130595,495092,23384,357761,11220,262273,41282,158063,41654,463519,16198,496433,1282,140121,35377,346219,28824,378366,23025,91104,69694,191423,823624,281318,5226997,2885614,2341383,24,426,20,43,57321,265273,225,6234,475,9158,21626,362785,220055,899642,94759,264181,132475,493912,23356,360062,11444,266110,43611,166094,42782,485150,16354,472573,1296,141582,35761,351320,29168,400143,23527,92752,69345,189557
종로구,40490,13577,268702,154100,114602,3,30,4,10,4450,13078,7,363,6,136,339,30754,17025,44263,1350,6818,6724,26577,883,18628,551,21634,1301,7223,1499,20315,1242,18625,90,16504,852,13317,732,15954,926,6198,2506,8275,39952,13442,265017,152717,112300,3,17,4,10,4437,13071,12,350,7,126,328,30305,16587,43116,1388,7260,6625,27639,858,18599,567,19260,1316,6392,1553,21766,1227,18157,89,15658,850,13504,744,15888,909,6227,2448,7672,39679,13356,260446,146392,114054,3,18,5,10,4462,13180,16,489,7,131,342,24112,16128,42172,1436,7606,6709,26606,785,16278,587,23389,1405,6341,1572,22550,1211,17932,94,15109,829,13474,750,17366,899,6034,2439,7649
중구,62936,23334,386648,212533,174115,-,-,2,3,9947,30475,5,689,9,343,402,5462,32867,97809,1484,14172,6141,31793,929,25116,1260,51405,1661,8913,2698,35960,1484,36580,63,18145,454,8307,734,9437,574,3546,2222,8493,60957,22669,390530,210755,179775,-,-,2,3,9369,29402,6,724,10,369,390,4896,31547,98606,1547,14316,6050,33032,914,25013,1217,50108,1694,9169,2752,36078,1483,39020,62,19280,471,8321,747,10104,558,3723,2138,8366,60127,22451,392568,213484,179084,-,-,1,5,9018,28901,4,706,12,357,372,7335,30681,95562,1495,13924,6250,34751,957,25640,1301,51429,1780,9455,2758,36390,1501,37159,65,20287,502,8598,760,10342,558,3637,2112,8090
용산구,20806,7021,133260,73658,59602,-,-,-,-,1054,3446,4,11,11,142,423,6834,7258,27506,1367,3919,4453,18201,525,9492,292,5921,1083,4426,784,17785,348,10838,50,3219,539,7297,554,6367,410,2188,1651,5668,20813,7153,141216,76498,64718,-,-,-,-,964,3181,4,43,10,150,421,7591,7248,31093,1251,3918,4603,19474,484,9750,266,5085,1139,3807,833,15387,365,15708,47,3149,550,7452,579,6658,408,2831,1641,5939,20254,7074,135240,74570,60670,-,-,-,-,905,2955,3,5,12,145,403,6686,6842,31996,1205,3951,4594,18282,459,9718,251,5090,1223,4314,858,15994,361,10766,47,3101,537,6973,562,7147,401,2623,1591,5494
성동구,27278,8237,167308,98497,68811,1,2,-,-,4612,28130,5,410,30,745,649,5981,7250,32412,2683,8295,3786,11744,744,8701,293,4023,1272,5433,1199,11663,385,15503,47,4373,886,11311,743,8357,593,2529,2100,7696,27868,8432,174819,100694,74125,1,3,-,-,4444,27062,13,421,31,782,666,5790,7385,31602,2629,8653,3836,12442,860,10725,314,4131,1371,5520,1447,14631,419,18907,47,4471,961,11371,748,8539,581,2157,2115,7612,28343,8563,178243,102769,75474,2,5,-,-,4181,26041,18,481,31,766,655,6330,7457,33180,2781,8814,3935,12957,917,11676,310,3686,1456,5799,1687,16671,448,16877,45,4127,995,11678,754,9255,592,2113,2079,7787
광진구,24688,8912,125170,69037,56133,1,3,-,-,1853,7616,2,3,16,240,796,12798,6103,19488,2518,6133,4675,16498,391,3791,223,4579,1201,3241,726,4061,440,9998,36,2523,1159,14191,904,10686,1052,3746,2592,5575,24535,8948,127879,69442,58437,1,3,-,-,1707,7198,3,69,16,244,784,13397,5889,19023,2519,5828,4764,17023,345,3720,235,4739,1275,3725,798,4811,451,10213,36,2662,1183,14139,909,11615,1033,3862,2587,5608,24445,8921,126305,67899,58406,-,-,-,-,1657,6935,3,8,16,242,782,13131,5758,19389,2495,5240,4786,16639,341,3264,221,4117,1345,4073,809,5071,467,9746,36,2678,1209,14184,916,11551,1052,4209,2552,5828
동대문구,32411,10677,142842,76058,66784,-,-,1,1,3539,14237,1,3,17,147,775,6270,11272,31474,3602,6889,4909,14047,277,1855,292,5002,1309,4589,591,7425,441,9109,50,4267,985,15117,1006,14693,749,2376,2595,5341,31878,10575,140748,74303,66445,-,-,1,1,3297,13543,1,2,19,148,766,5849,10923,31318,3617,6562,4863,14447,254,2119,275,4314,1359,4598,630,7073,435,8666,50,3443,1000,16243,1031,14494,776,2462,2581,5466,31324,10456,138400,73067,65333,-,-,2,4,3146,12956,2,3,20,143,735,5797,10599,30950,3523,6520,4845,14420,238,1931,260,4007,1453,4489,633,7325,446,6985,50,3430,1027,16657,1051,15154,762,2344,2532,5285
중랑구,28045,9343,102758,53237,49521,-,-,1,3,3578,16259,6,123,20,214,920,5503,5416,16124,6412,13473,4154,10944,134,1118,150,1713,1061,2757,320,1626,308,2832,47,3350,922,7863,985,11586,896,2302,2715,4968,28024,9410,103016,53541,49475,-,-,1,3,3384,15250,6,109,23,228,912,6006,5296,16071,6550,13092,4152,11212,135,1027,162,1800,1085,2921,336,1643,321,2853,47,3471,936,7773,999,11920,940,2484,2739,5153,28228,9519,103345,53185,50160,-,-,-,-,3423,14695,6,118,21,206,965,6429,5181,15505,6550,12496,4171,11311,142,894,158,1741,1161,3100,386,1726,350,3092,47,3533,915,7925,1031,13013,968,2543,2753,5018
성북구,24039,8878,108991,53234,55757,-,-,-,-,2424,9199,5,11,11,177,569,4093,4927,15313,3520,6708,4415,12731,234,1756,151,1600,1099,2673,456,3954,262,5601,52,3915,1372,20652,1065,12533,735,2130,2742,5945,23287,8831,108201,52719,55482,-,-,-,-,2214,8140,5,10,11,178,554,3934,4805,15159,3080,6058,4463,13397,235,1877,145,1512,1125,2708,478,4328,254,5255,52,3301,1382,21481,1044,12835,756,2306,2684,5722,23617,8922,111005,54975,56030,-,-,-,-,2144,7873,4,8,13,171,575,4133,4697,14662,3557,6130,4461,13323,241,1900,144,1576,1203,3827,480,5384,264,5624,51,3308,1368,21947,1045,13249,745,2323,2625,5567
강북구,18928,6992,71752,33422,38330,-,-,-,-,1541,6621,1,80,9,326,498,2057,3857,10768,3192,6822,3681,10569,101,715,253,4027,789,1776,275,1123,218,3321,44,2750,683,5729,816,8573,721,1972,2249,4523,18918,7065,72418,33306,39112,-,-,-,-,1444,5903,2,84,8,340,506,2133,3768,10625,3218,6625,3719,10674,103,682,267,4074,807,1782,293,1185,216,3440,44,3265,684,5871,813,9195,741,2037,2285,4503,19014,7153,73904,34134,39770,-,-,-,-,1456,5864,3,84,8,338,522,2198,3823,10726,3108,6305,3779,11090,117,759,282,3989,811,1876,314,1241,222,3737,44,3108,683,5911,816,10099,751,2125,2275,4454
도봉구,18351,6324,70503,36085,34418,1,2,-,-,1090,4556,-,-,9,116,492,3150,3500,10915,4502,9543,2732,7514,87,709,136,1320,785,2609,325,1785,172,1352,39,3605,960,7423,845,9640,620,1903,2056,4361,18894,6320,74314,38646,35668,1,3,-,-,1020,4137,1,1,9,110,495,3402,3455,10983,5099,10030,2751,7906,82,757,134,1281,796,2768,347,1773,181,1841,38,3872,962,7537,837,11640,622,1907,2064,4366,18628,6269,72939,37598,35341,1,1,1,1,945,3794,4,22,8,94,486,3565,3367,10797,5002,9064,2814,8203,81,752,119,1107,808,2760,337,1756,181,2030,38,3892,926,7318,824,11538,618,1778,2068,4467
노원구,26516,9401,117859,55762,62097,1,2,-,-,848,4042,4,214,13,162,538,2431,5084,15534,6550,12677,4143,14211,168,1233,243,4315,1198,4574,420,2339,313,5110,38,3042,1951,21222,1468,18404,921,2852,2615,5495,26616,9479,118713,56183,62530,1,1,-,-,858,3720,6,311,11,214,551,2507,5030,15757,6598,12573,4191,14443,156,1242,236,4253,1231,4289,438,3259,317,4602,38,3141,1950,21138,1454,18684,934,3078,2616,5501,26618,9576,116684,54993,61691,1,1,-,-,797,3533,8,288,19,234,552,2508,4965,15458,6564,11955,4278,14520,167,1082,230,3788,1228,4465,454,2771,291,4375,39,3533,1936,20143,1445,19452,987,3200,2657,5378
은평구,24561,9413,88818,41845,46973,-,-,-,-,957,3266,6,160,13,206,645,4092,5121,15605,4990,8482,4178,11781,149,1246,170,2437,1409,3296,347,1510,229,1694,53,4042,1430,9983,1170,13259,814,2216,2880,5543,24873,9548,90049,42452,47597,-,-,-,-,899,3041,6,159,15,255,635,4053,4984,15264,5214,8898,4273,12317,157,1201,164,2324,1471,3291,369,1710,249,1741,51,3879,1469,10058,1190,13963,810,2277,2917,5618,24681,9535,93631,43830,49801,-,-,-,-,868,2964,4,162,14,240,611,4405,4815,15220,5172,8809,4331,12965,147,1223,153,2027,1492,3342,379,1894,224,1597,52,3812,1435,10374,1198,16423,842,2515,2944,5659
서대문구,19852,7417,111117,55668,55449,1,1,-,-,754,2721,2,51,14,574,502,4062,4071,14505,2881,6195,4337,14107,416,2852,213,4796,989,2594,568,5884,450,7011,44,5428,1078,18919,781,14639,587,1788,2164,4990,19796,7394,109490,53956,55534,1,3,-,-,686,2494,4,69,13,576,506,3868,4025,14045,2903,5835,4315,14505,443,2746,181,4067,1023,2634,632,6113,444,6690,43,5080,1086,18651,777,15362,572,1844,2142,4908,20095,7500,113819,55966,57853,1,1,-,-,666,2537,4,54,12,561,510,4044,4127,13468,2981,5480,4321,14232,476,3355,184,5512,1071,2746,655,6567,424,6528,43,5155,1116,20503,778,16484,585,1824,2141,4768
마포구,36325,12245,247999,134707,113292,-,-,-,-,1336,5121,8,425,22,307,1084,16287,7664,33868,2947,11967,8139,28793,2469,34801,497,11322,1755,5588,2460,19824,1072,35339,58,4599,1609,15681,1182,10593,1000,4257,3023,9227,37232,12738,255152,136857,118295,1,1,-,-,1317,5350,11,464,28,355,1029,14703,7655,35083,2987,12398,8429,31288,2487,37909,505,10751,1918,5932,2632,20741,1069,34430,57,4671,1742,15637,1184,10902,1061,4794,3120,9743,37290,12919,247276,132558,114718,-,-,-,-,1226,5218,11,485,30,361,977,13648,7709,34878,2914,10892,8616,29425,2302,36841,495,10060,2073,5976,2572,20235,1049,33887,57,4909,1842,15202,1227,10843,1074,4607,3116,9809
양천구,26077,9626,119943,63780,56163,-,-,-,-,1190,5294,2,270,21,457,840,9741,5432,17338,4894,12935,3566,11585,283,5010,207,2486,1242,3647,695,3049,315,4694,48,6153,2366,15026,1213,13177,935,3097,2828,5984,26126,9725,123311,65377,57934,-,-,-,-,1150,4926,2,266,20,473,828,10437,5259,17547,5053,12806,3604,12092,273,5094,209,2549,1254,3571,736,3232,336,5260,48,6609,2376,14974,1203,14213,931,3104,2844,6158,25894,9745,121582,63099,58483,-,-,-,-,1075,4524,2,268,21,469,809,8832,5087,17160,5017,12291,3618,12352,261,4869,205,2252,1334,3730,705,3207,330,4751,49,6768,2385,15334,1224,15435,981,3313,2791,6027
강서구,36556,12762,234394,130005,104389,1,30,-,-,1258,7027,6,426,42,639,1135,13334,8713,34665,7095,53820,5651,20057,659,11196,298,3976,1909,7006,989,17291,554,17199,57,3267,1787,13832,1542,17902,1176,3498,3684,9229,38524,13335,248204,136215,111989,1,26,1,1,1257,7311,8,466,45,673,1214,14875,9079,37641,7317,52138,5900,21475,830,11108,337,3996,2088,7464,1256,23116,686,17365,57,3474,1844,14257,1582,19576,1227,3851,3795,9391,39458,13619,257494,142209,115285,1,29,1,1,1275,7317,10,515,45,696,1258,15605,9209,37437,7280,50974,6106,22192,906,11620,362,4682,2154,8781,1393,25339,765,17798,58,3971,1870,14191,1646,22593,1266,4083,3853,9670
구로구,38405,11298,213468,122446,91022,1,1,-,-,3729,19002,7,102,21,219,1020,11691,12201,40111,4768,9552,4688,14686,2096,30009,480,8392,1320,4381,1485,15312,697,21935,46,4061,1204,10481,1124,13889,888,2403,2630,7241,38553,11356,218070,124793,93277,1,1,1,1,3677,17612,8,104,22,389,1009,12033,12100,40438,4891,9160,4664,15178,2108,30068,498,8238,1373,4386,1567,15674,705,25341,46,4059,1231,10747,1123,14882,916,2617,2613,7142,38756,11511,225668,128722,96946,1,20,1,1,3609,18469,9,129,23,446,1061,13365,11694,39383,4907,9242,4726,15112,2165,30396,523,8459,1541,4573,1642,15569,744,28314,45,3932,1275,11778,1152,15997,972,2943,2666,7540
금천구,31750,8611,228000,142168,85832,1,4,2,3,5412,40151,6,15,27,305,1130,15891,8948,41969,2824,9589,3318,10293,2441,36266,227,2505,984,3114,1922,26071,610,20864,32,1908,675,5452,692,7229,588,1464,1911,4907,32472,8955,234012,145099,88913,2,8,-,-,5399,40430,6,10,27,266,1132,17882,9091,40952,2818,9064,3350,11033,2625,37711,228,2402,1035,3147,2186,27977,669,20454,33,2474,702,6307,685,7162,599,1541,1885,5192,33814,9359,242686,150589,92097,-,-,-,-,5401,40538,11,89,28,286,1141,16576,9264,41416,2903,8999,3435,10808,2902,39393,257,2437,1218,3401,2482,31136,738,23836,34,2379,732,6310,713,7989,599,1584,1956,5509
영등포구,43163,12955,362800,210507,152293,-,-,2,19,4186,14084,9,761,23,628,1372,23440,11581,51856,4094,12233,7003,25853,1785,28943,1158,54040,1849,11132,2310,30977,1120,58775,67,8676,1251,9054,1201,16182,1096,3956,3056,12191,42589,12870,367557,212718,154839,-,-,3,13,3957,13577,11,781,21,438,1319,23195,11068,52863,4164,11414,6897,27163,1749,30827,1242,56551,1911,8762,2393,32357,1110,57524,70,9922,1260,8754,1208,17253,1139,4149,3067,12014,42370,12971,373478,217650,155828,-,-,2,4,3742,13245,12,775,26,458,1324,21509,10905,52966,4167,10822,6954,27259,1632,30169,1327,58819,2039,10064,2457,35724,1073,59601,69,9354,1226,8938,1218,17689,1165,4209,3032,11873
동작구,19966,7824,110422,53384,57038,-,-,1,2,651,2228,3,142,14,435,569,4921,4689,14990,2115,3290,4143,12907,240,4182,199,3558,1203,5348,414,6640,323,12877,44,3217,1215,15448,1010,12622,812,2600,2321,5015,19916,7788,112564,54644,57920,-,-,-,-,614,2059,4,148,13,423,568,7529,4564,14773,2136,3124,4141,13130,222,4398,192,3642,1279,5825,428,6067,318,10746,43,3553,1264,15755,1015,13365,791,2761,2324,5266,19793,7769,106159,52297,53862,-,-,-,-,596,2095,3,118,14,421,585,5972,4285,14001,2231,3644,4153,13252,227,4172,178,3284,1297,5656,459,6440,317,6883,43,3792,1264,14114,1021,13956,810,3024,2310,5335
관악구,26374,9756,115390,60398,54992,-,-,1,5,1350,5480,-,-,12,171,695,9125,5164,16347,4089,6609,5640,17322,299,3124,180,2182,1402,3960,586,4725,347,6590,50,3763,1227,15100,1172,11432,1068,3088,3092,6367,26105,9593,113944,58842,55102,-,-,-,-,1255,4975,-,-,11,183,696,7805,4991,15166,4218,6515,5561,17541,288,3128,173,1857,1422,4010,606,4578,362,6276,48,3336,1191,16210,1178,12906,1042,3133,3063,6325,25505,9687,115329,59684,55645,-,-,-,-,1185,4492,1,4,9,170,709,9225,5047,15299,3414,5480,5662,17812,265,3036,167,1966,1480,4259,645,4958,367,5654,48,3273,1207,16475,1179,13504,1061,3406,3059,6316
서초구,46207,14783,436763,262455,174308,4,29,2,5,1064,5666,13,146,16,285,1805,69230,12253,68309,1390,8717,6728,31508,2201,29731,941,18249,3153,13460,6303,64040,1296,56251,67,11070,2529,21284,1672,19747,1328,6077,3442,12959,46540,15063,438733,262517,176216,3,37,4,30,1075,5431,13,150,17,281,1663,62442,12079,67696,1566,9020,6646,33522,2181,30389,930,18539,3281,14381,6713,67657,1273,56487,65,11283,2615,21404,1661,20757,1321,6478,3434,12749,46940,15153,438985,261147,177838,3,39,3,8,1068,6093,18,224,18,305,1603,62873,11890,66616,1611,10027,6554,31160,2286,32357,990,17835,3508,14516,6892,68949,1328,52336,67,11410,2688,22768,1663,21162,1343,7649,3407,12658
강남구,72511,22549,679047,379008,300039,1,2,3,10,1707,14910,25,1052,24,856,2071,55618,17274,133772,3092,11093,11074,56982,4662,58867,1951,35865,5686,29287,8798,103202,2093,71474,57,6052,3850,29001,3057,39254,1833,8557,5253,23193,71373,22312,694136,384090,310046,4,46,6,14,1626,14296,39,1222,21,823,1931,49157,16697,136778,3105,11236,10730,58366,4483,58879,1940,34738,5779,29039,9090,107675,2008,83062,56,6047,3838,29182,3048,41288,1778,9179,5194,23109,71027,22257,698840,387884,310956,5,36,3,3,1650,16875,58,1169,22,827,1809,46663,16401,143936,3193,11337,11037,59357,4199,59034,1958,32538,6027,30802,8842,110363,1938,76627,58,6202,3903,29778,3042,42029,1840,9120,5042,22144
송파구,46676,15751,329447,198578,130869,9,315,2,5,1487,8803,9,25,30,622,1887,45141,13728,58913,5746,15124,7032,28346,776,23646,522,8764,2486,13280,2165,25352,800,31046,71,6687,2299,18803,1781,25071,1622,8597,4224,10907,47772,16207,342853,203506,139347,7,273,1,5,1520,9200,10,31,27,593,1870,46470,13666,60790,5915,15955,7234,30485,885,27034,540,8393,2625,13611,2488,27676,832,29731,69,7087,2340,18609,1812,26546,1641,9397,4290,10967,48644,16675,341201,202213,138988,6,276,1,6,1534,9324,10,26,29,578,1851,40900,13699,63804,5836,14813,7461,30248,939,27920,546,9047,2725,12871,2754,30886,862,24285,72,7786,2400,20169,1876,28837,1726,8720,4317,10705
강동구,29952,10466,146512,77578,68934,4,48,-,-,1566,6508,3,94,15,511,1072,17302,6897,24610,5597,9738,4885,15466,257,2043,278,4141,1531,4286,602,5909,431,13764,46,3534,1479,11239,1234,17337,969,3112,3086,6870,29772,10503,145990,78357,67633,3,40,-,-,1400,5191,2,89,16,522,1052,19094,6764,23937,5629,10140,4834,15308,227,1758,263,3669,1625,4331,653,7012,468,12664,46,2934,1490,10844,1253,18619,939,2905,3108,6933,29080,10358,141770,74700,67070,-,-,-,-,1292,4855,1,4,17,513,989,16944,6425,23661,5417,9366,4879,15636,204,1783,236,3273,1779,4878,617,7004,453,12153,45,2733,1491,10578,1277,19036,930,2826,3028,6527
